{
    "Extreme_Random_Forest": {
        "Accuracy": 0.957418552739397,
        "Precision": 0.9375648658982902,
        "Recall": 0.9792332268370607,
        "F1-Score": 0.9579461420399051,
        "ROC-AUC": 0.9881116469836232,
        "Specificity": 0.9360129877400213,
        "Balanced_Accuracy": 0.957623107288541
    },
    "XGBoost": {
        "Accuracy": 0.9174083806617501,
        "Precision": 0.9186493149114258,
        "Recall": 0.9141944317663168,
        "F1-Score": 0.9164164593520345,
        "ROC-AUC": 0.9775479361619229,
        "Specificity": 0.9205620556457482,
        "Balanced_Accuracy": 0.9173782437060325
    },
    "CatBoost": {
        "Accuracy": 0.9200361673871889,
        "Precision": 0.9316339715728885,
        "Recall": 0.9049520766773163,
        "F1-Score": 0.918099207038259,
        "ROC-AUC": 0.9770356393390508,
        "Specificity": 0.9348373733415439,
        "Balanced_Accuracy": 0.91989472500943
    },
    "Neural_Network": {
        "Accuracy": 0.9400412534260123,
        "Precision": 0.9131180950337874,
        "Recall": 0.9713601095390233,
        "F1-Score": 0.9413390833195112,
        "ROC-AUC": 0.9653309784678166,
        "Specificity": 0.9093097464031797,
        "Balanced_Accuracy": 0.9403349279711015
    }
}